"ï»¿""å†…å®¹ä¸»é¢˜""",æå‡ºäºº,å‘å¸ƒè´¦å·,æ‹Ÿå‘å¸ƒæ—¥æœŸ,ä¸»é¢˜åˆ†ç±»,å†…å®¹å½¢å¼,çŠ¶æ€,æ˜¯å¦å®¡æ ¸@Jorieï¼ˆæ¯å¤© 20:00ï¼‰,æ˜¯å¦å‘å¸ƒ,åœ°å€,æ•°æ®åˆ†æ,çˆ¶è®°å½•
"Welcome to AIFlowWatch! Iâ€™ll share what I learn building with RAG, agents, and generative pipelinesâ€”plus Big Tech moves worth watching. If you care about AI workflows beyond cool demos, stick around. Letâ€™s navigate this together. #AIcommunity",å¼ æ›¦æœˆ,ai flow watch,2025/06/27,å¹²è´§æ´å¯Ÿ,çº¯æ–‡å­—,,,æ˜¯,,,
"AI agents are here: they plan, call APIs, and execute tasks autonomously. Projects like AutoGen & CrewAI show agents are more than hype. Real products are being built today. #AIagents",å¼ æ›¦æœˆ,ai flow watch,2025/06/27,,,,,æ˜¯,,,
"RAG â‰  magic. If your index is outdated, your answers will be too. Always monitor your embeddings & refresh your knowledge base. Production RAG needs ops discipline. #LLMops",å¼ æ›¦æœˆ,ai flow watch,2025/06/28,,,,,æ˜¯,,,
"Fine-tuning vs. RAG? Fine-tuning bakes knowledge into weights, great for fixed domains. RAG keeps info fresh & dynamic. Choose wisely: use both if you can. #AI",å¼ æ›¦æœˆ,ai flow watch,2025/06/28,,,,,å¦,,,
"OpenAIâ€™s rumored GPT-5, Googleâ€™s Gemini updates, and Metaâ€™s new open-source agentsâ€”all in the last 30 days. The pace of AI innovation has never been faster. #AInews",å¼ æ›¦æœˆ,ai flow watch,2025/06/29,,,,,å¦,,,
"Generative AI workflows need orchestration: memory, planning, and evaluation. Prompt chaining isnâ€™t enough. Next-gen apps require proper pipelines. #AIworkflows",å¼ æ›¦æœˆ,ai flow watch,2025/06/29,,,,,å¦,,,
"Retrieval-Augmented Generation (RAG) is the new frontier of LLMs: it combines knowledge retrieval with generation, keeping models up-to-date without retraining. Donâ€™t sleep on it. #AI #RAG",å¼ æ›¦æœˆ,ai flow watch,2025/06/30,,,,,å¦,,,
"â€œRAG Hallucinationâ€ is real: models can hallucinate even retrieved facts. Combat it with hybrid search, context filters, and human-in-the-loop validation. #AI #RAG",å¼ æ›¦æœˆ,ai flow watch,2025/06/30,,,,,å¦,,,
"Ladybird Web Browser - A New Era in BrowsingLadybird is an independent web browser built with a cutting-edge engine based on web standards. Currently in pre-alpha, it's perfect for developers who want to explore and contribute to a fresh, innovative browser.Key Features:Multi-Process Architecture: Enhances performance and security.Sandboxed Tabs: Each tab runs in its own process, isolated from the system.Built on SerenityOS: Using powerful libraries for web rendering, JavaScript, cryptography, and more.Supported on Linux, macOS, and Windows (via WSL2).Join the Ladybird project and help shape the future of web browsing! Get Started
#Ladybird #WebBrowser #OpenSource #DeveloperTools #InnovativeTech #WebStandards",å¼ æ¬£,OpenSource Radar,2025/06/30,,,,,å¦,,,
"ğŸ”¥ JSON Crack - Visualize & Manipulate JSON Data Effortlessly ğŸŒ
JSON Crack is an open-source tool that transforms your JSON, YAML, CSV, and other data into interactive visual graphs for easier exploration, formatting, and validation.
Key Features:
Instant Visualization: Convert data into interactive graphs in light or dark mode.
Format Conversion: Easily switch between JSON, CSV, XML, and more.
Code Generation: Auto-generate TypeScript interfaces, Golang structs, and JSON Schema.
Privacy: Local processing â€” your data stays secure!
ğŸš€ Built with: Next.js, React.js
ğŸ”— Get Started with JSON Crack
#JSON #OpenSource #DataVisualization #DeveloperTools #Privacy #CodeGeneration",å¼ æ¬£,OpenSource Radar,2025/06/30,,,,,å¦,,,
"ğŸ¨ GIMP 3.1 - Powerful Open-Source Image Editor
GIMP 3.1 is a versatile, open-source image editing tool for everything from basic editing to advanced graphic design.
Key Features:
Comprehensive Tools: Ideal for photo retouching, composition, and design.
Plugin Support: Extend functionality with community plugins.
Free & Open-Source: Constantly updated by the community.
GIMP is a powerful, free alternative for professional-grade image editing.
ğŸ”— Download GIMP
#GIMP #ImageEditing #OpenSource #DesignTools",å¼ æ¬£,oss discoveries,2025/06/30,,,,,å¦,,,
,é©¬ä¾¨ä»ª,twitter,2025/07/03,,,,,å¦,,,
,é©¬ä¾¨ä»ª,twitter,2025/07/03,,,,,å¦,,,
,é©¬ä¾¨ä»ª,twitter,2025/07/03,,,,,å¦,,,
,,,,,,,,å¦,,,
,,,,,,,,å¦,,,
,,,,,,,,å¦,,,
